"","age_group","Total_profit","count","percentage"
"1","20-29",1247242.04,2079,14.8208529125952
"2","30-39",1464212.53,2459,17.3990916309307
"3","40-49",2921808.16,4971,34.7195552983288
"4","50-59",1522284.83,2507,18.0891589867392
"5","60-69",1245172.91,2151,14.7962656469294
"6","70+",14733.4,22,0.175075524476733
