"","brand","Total_profit","count","percentage"
"1","WeareA2B",2186245.51,2387,25.9789376042293
"2","Solex",1827770.54,3187,21.7192152465569
"3","Trek Bicycles",1466106.64,2016,17.4215991513717
"4","Giant Bicycles",1228820.43,2380,14.6019507561034
"5","OHM Cycles",1056345.31,2166,12.5524460869037
"6","Norco Bicycles",650165.44,2053,7.72585115483498
