"","monthly_data_2.month_of_transaction","monthly_data_2.female_avg"
"1","January",598.071026936027
"2","February",608.361120996441
"3","March",585.27874015748
"4","April",591.719333333333
"5","May",594.959456
"6","June",579.291342281879
"7","July",565.697173913043
"8","August",582.49252764613
"9","September",593.26428057554
"10","October",614.694992175274
"11","November",602.214647651007
"12","December",584.806576
