"","product_line","Average_profit","count"
"1","Standard",613.399050093128,10201
"2","Road",394.556573899962,2659
"3","Touring",1082.29872361809,995
"4","Mountain",96.2784431137725,334
