"","state","Total_profit","n","percentage"
"1","New South Wales",4451242.24,7581,52.8936681106185
"2","Victoria",2168272.87,3585,25.7653705135217
"3","QLD",1795938.76,3023,21.3409613758598
