"","wealth_segment","Total_profit","n","percentage"
"1","Affluent Customer",2104536.95,3516,25.008002925456
"2","High Net Worth",2106205.52,3578,25.0278303765451
"3","Mass Customer",4204711.4,7095,49.9641666979989
